Student_ID,Name,Department,Python,Java,DBMS,Web Development,Data Analytics,Attendance
S101,Anjali Shikhare,CSE,88,79,82,75,94,92
S102,Priya Deshmukh,CSE,95,91,89,87,98,96
S103,Rohan Jadhav,CSE,62,58,65,70,72,81
S104,Sneha Kulkarni,IT,78,74,80,85,88,89
S105,Amit Shinde,IT,45,38,52,60,55,68
S106,Neha Pawar,IT,91,86,90,92,95,94
S107,Vikram More,Mechanical,55,60,48,58,50,74
S108,Pooja Gaikwad,Mechanical,72,68,75,80,70,85
S109,Rahul Sawant,Mechanical,35,42,40,55,48,62
S110,Kavya Joshi,ECE,84,88,81,79,90,91
S111,Siddharth Kale,ECE,67,71,64,68,73,78
S112,Ananya Bhosale,ECE,93,95,92,90,96,97
S113,Omkar Chavan,Civil,58,52,60,65,57,80
S114,Divya Nikam,Civil,76,70,73,82,69,88
S115,Harsh Mane,Civil,41,44,39,50,46,70
S116,Ishita Kamble,CSE,82,85,78,88,91,93
S117,Tanmay Salunkhe,IT,69,63,70,72,76,83
S118,Sakshi Thorat,ECE,74,80,77,84,79,90
S119,Yash Gavali,Mechanical,60,56,62,64,58,76
S120,Meera Phadke,Civil,89,84,87,91,86,95